[
    {
        "title": "A Light in the Attic",
        "price": "\u00a351.77",
        "num_reviews": "Three",
        "upc": "fdc966f8842f2bbfx272266414862addf",
        "availability": "Out of stock"
    },
    {
        "title": "Tipping the Velvet",
        "price": "\u00a353.74",
        "num_reviews": "One",
        "upc": "f5c6f11c25bf6a6b6x47ad73c5034af15f",
        "availability": "Out of stock"
    },
    {
        "title": "Soumission",
        "price": "\u00a350.10",
        "num_reviews": "One",
        "upc": "fx1c99444ec16a763ca68e24d78478b0c",
        "availability": "Out of stock"
    },
    {
        "title": "Sharp Objects",
        "price": "\u00a347.82",
        "num_reviews": "Four",
        "upc": "fx13b0194d736009c368cf04f1bb1f43cc",
        "availability": "Out of stock"
    },
    {
        "title": "Sapiens: A Brief History of Humankind",
        "price": "\u00a354.23",
        "num_reviews": "Five",
        "upc": "fx4b80adbe6395fdcax6102a01b776b5ec4",
        "availability": "In stock"
    },
    {
        "title": "The Requiem Red",
        "price": "\u00a322.65",
        "num_reviews": "One",
        "upc": "fx7b2e5e9ac782e3944a1567dc70f897d1",
        "availability": "In stock"
    },
    {
        "title": "The Dirty Little Secrets of Getting Your Dream Job",
        "price": "\u00a333.34",
        "num_reviews": "Four",
        "upc": "f595d595b58e2560f667543a817a0855f",
        "availability": "Out of stock"
    },
    {
        "title": "The Coming Woman: A Novel Based on the Life of the Infamous Feminist, Victoria Woodhull",
        "price": "\u00a317.93",
        "num_reviews": "Three",
        "upc": "f44158168586999f91d3e3345558fe3b7",
        "availability": "In stock"
    },
    {
        "title": "The Boys in the Boat: Nine Americans and Their Epic Quest for Gold at the 1936 Berlin Olympics",
        "price": "\u00a322.60",
        "num_reviews": "Four",
        "upc": "fx4d82bb093f41fe8943b42986b3a576e",
        "availability": "Out of stock"
    },
    {
        "title": "The Black Maria",
        "price": "\u00a352.15",
        "num_reviews": "One",
        "upc": "f34fe86ef5616ca57a0779a093383b06",
        "availability": "In stock"
    },
    {
        "title": "Starving Hearts (Triangular Trade Trilogy, #1)",
        "price": "\u00a313.99",
        "num_reviews": "Two",
        "upc": "f6ab910d2b3d20862x66deb94453744ed7",
        "availability": "In stock"
    },
    {
        "title": "Shakespeare's Sonnets",
        "price": "\u00a320.66",
        "num_reviews": "Four",
        "upc": "f6dea82720a166b9fx52c6f5a5ac4c7c60",
        "availability": "In stock"
    },
    {
        "title": "Set Me Free",
        "price": "\u00a317.46",
        "num_reviews": "Five",
        "upc": "fx79f2116153f0201x54bcc1323001805d",
        "availability": "In stock"
    },
    {
        "title": "Scott Pilgrim's Precious Little Life (Scott Pilgrim #1)",
        "price": "\u00a352.29",
        "num_reviews": "Five",
        "upc": "f747bdf3479d90c24xa838677b3d992e6",
        "availability": "Out of stock"
    },
    {
        "title": "Rip it Up and Start Again",
        "price": "\u00a335.02",
        "num_reviews": "Five",
        "upc": "f74c378c56471a96f357c5a656e3fb2a9",
        "availability": "In stock"
    },
    {
        "title": "Our Band Could Be Your Life: Scenes from the American Indie Underground, 1981-1991",
        "price": "\u00a357.25",
        "num_reviews": "Three",
        "upc": "f3eef7766f215d9bfx436d8f58161870e2",
        "availability": "In stock"
    },
    {
        "title": "Olio",
        "price": "\u00a323.88",
        "num_reviews": "One",
        "upc": "fbb3512471549dac7b36b0401b911c95",
        "availability": "Out of stock"
    },
    {
        "title": "Mesaerion: The Best Science Fiction Stories 1800-1849",
        "price": "\u00a337.59",
        "num_reviews": "One",
        "upc": "f5008eb3d5f5e56ff6853b5cbdcc63700",
        "availability": "Out of stock"
    },
    {
        "title": "Libertarianism for Beginners",
        "price": "\u00a351.33",
        "num_reviews": "Two",
        "upc": "fx361ee44c6f52df233a0676f5808c941",
        "availability": "Out of stock"
    },
    {
        "title": "It's Only the Himalayas",
        "price": "\u00a345.17",
        "num_reviews": "Two",
        "upc": "f6701eb4a409ebfdfx351b35fdcd528da2",
        "availability": "In stock"
    },
    {
        "title": "In Her Wake",
        "price": "\u00a312.84",
        "num_reviews": "One",
        "upc": "f391cf1c1076cc406x1e8a171601e1c490",
        "availability": "In stock"
    },
    {
        "title": "How Music Works",
        "price": "\u00a337.32",
        "num_reviews": "Two",
        "upc": "fx15f82d170a3e301453428f631171ae0",
        "availability": "In stock"
    },
    {
        "title": "Foolproof Preserving: A Guide to Small Batch Jams, Jellies, Pickles, Condiments, and More: A Foolproof Guide to Making Small Batch Jams, Jellies, Pickles, Condiments, and More",
        "price": "\u00a330.52",
        "num_reviews": "Three",
        "upc": "fx2c0d0b38a80fb332xe5a6a1934396b3e",
        "availability": "Out of stock"
    },
    {
        "title": "Chase Me (Paris Nights #2)",
        "price": "\u00a325.27",
        "num_reviews": "Five",
        "upc": "fx58bc4519eaebac40386e0b69c81a95ea",
        "availability": "In stock"
    },
    {
        "title": "Black Dust",
        "price": "\u00a334.53",
        "num_reviews": "Five",
        "upc": "f5209b159ae3b59574264b383ef53ee86",
        "availability": "Out of stock"
    },
    {
        "title": "Birdsong: A Story in Pictures",
        "price": "\u00a354.64",
        "num_reviews": "Three",
        "upc": "f68856da7138a927dx62a5066d5002a4bd",
        "availability": "Out of stock"
    },
    {
        "title": "America's Cradle of Quarterbacks: Western Pennsylvania's Football Factory from Johnny Unitas to Joe Montana",
        "price": "\u00a322.50",
        "num_reviews": "Three",
        "upc": "f4f7433aaaddabfeb510e22516567df2a",
        "availability": "Out of stock"
    },
    {
        "title": "Aladdin and His Wonderful Lamp",
        "price": "\u00a353.13",
        "num_reviews": "Three",
        "upc": "fx2f5d32ca35e8d08a139ce13135047253",
        "availability": "In stock"
    },
    {
        "title": "Worlds Elsewhere: Journeys Around Shakespeare\u2019s Globe",
        "price": "\u00a340.30",
        "num_reviews": "Five",
        "upc": "fx33bec91cf58c554ex5e1243d9dc3e9c74",
        "availability": "Out of stock"
    },
    {
        "title": "Wall and Piece",
        "price": "\u00a344.18",
        "num_reviews": "Four",
        "upc": "f5568ed6b8c548c5331dc7c6444ffe275",
        "availability": "In stock"
    },
    {
        "title": "The Four Agreements: A Practical Guide to Personal Freedom",
        "price": "\u00a317.66",
        "num_reviews": "Five",
        "upc": "fx2299730dc791502454bab5acc551a48b",
        "availability": "Out of stock"
    },
    {
        "title": "The Five Love Languages: How to Express Heartfelt Commitment to Your Mate",
        "price": "\u00a331.05",
        "num_reviews": "Three",
        "upc": "f2426d133dc59f21dx210886778dbccc29",
        "availability": "Out of stock"
    },
    {
        "title": "The Elephant Tree",
        "price": "\u00a323.82",
        "num_reviews": "Five",
        "upc": "f5a25ef2d3d6cec8a54cbecf4e93e2f79",
        "availability": "Out of stock"
    },
    {
        "title": "The Bear and the Piano",
        "price": "\u00a336.89",
        "num_reviews": "One",
        "upc": "fx337dd0da7b3d70094af4084aaef34bb2",
        "availability": "Out of stock"
    },
    {
        "title": "Sophie's World",
        "price": "\u00a315.94",
        "num_reviews": "Five",
        "upc": "f34395c4c0463841fx3bef07de4f771d5c",
        "availability": "Out of stock"
    },
    {
        "title": "Penny Maybe",
        "price": "\u00a333.29",
        "num_reviews": "Three",
        "upc": "fx6b265b36f20b0b27x2e4a123c478b8b83",
        "availability": "Out of stock"
    },
    {
        "title": "Maude (1883-1993):She Grew Up with the country",
        "price": "\u00a318.02",
        "num_reviews": "Two",
        "upc": "f199960eb3c3bd9bc74d40684a90d5c51",
        "availability": "In stock"
    },
    {
        "title": "In a Dark, Dark Wood",
        "price": "\u00a319.63",
        "num_reviews": "One",
        "upc": "f1d958935a835e46f72841bb74c74414b",
        "availability": "Out of stock"
    },
    {
        "title": "Behind Closed Doors",
        "price": "\u00a352.22",
        "num_reviews": "Four",
        "upc": "f1280cdb63278355ax562a899a06ceb325",
        "availability": "Out of stock"
    },
    {
        "title": "You can't bury them all: Poems",
        "price": "\u00a333.63",
        "num_reviews": "Two",
        "upc": "fx33983bd09283cc21x1377e1ee4c48b380",
        "availability": "Out of stock"
    },
    {
        "title": "Slow States of Collapse: Poems",
        "price": "\u00a357.31",
        "num_reviews": "Three",
        "upc": "f6ce3bf624f639766x1daf091ecace8e64",
        "availability": "In stock"
    },
    {
        "title": "Reasons to Stay Alive",
        "price": "\u00a326.41",
        "num_reviews": "Two",
        "upc": "f205bfe782c8b34de31dfc46f0d8a86e9",
        "availability": "Out of stock"
    },
    {
        "title": "Private Paris (Private #10)",
        "price": "\u00a347.61",
        "num_reviews": "Five",
        "upc": "fx11d008438131badx2ee338d873fd2406",
        "availability": "In stock"
    },
    {
        "title": "#HigherSelfie: Wake Up Your Life. Free Your Soul. Find Your Tribe.",
        "price": "\u00a323.11",
        "num_reviews": "Five",
        "upc": "f6306aab92edf8306385c20620c0519ee",
        "availability": "Out of stock"
    },
    {
        "title": "Without Borders (Wanderlove #1)",
        "price": "\u00a345.07",
        "num_reviews": "Two",
        "upc": "fx7ca19de6651441373b4247159fa17352",
        "availability": "In stock"
    },
    {
        "title": "When We Collided",
        "price": "\u00a331.77",
        "num_reviews": "One",
        "upc": "fx2173923dd3f0139f29128a69a8b52ec5",
        "availability": "Out of stock"
    },
    {
        "title": "We Love You, Charlie Freeman",
        "price": "\u00a350.27",
        "num_reviews": "Five",
        "upc": "fx7e58ab4d58036633452b2291add6f67c",
        "availability": "In stock"
    },
    {
        "title": "Untitled Collection: Sabbath Poems 2014",
        "price": "\u00a314.27",
        "num_reviews": "Four",
        "upc": "f2baab5208e2c0f823abd3802b82d16c1",
        "availability": "Out of stock"
    },
    {
        "title": "Unseen City: The Majesty of Pigeons, the Discreet Charm of Snails & Other Wonders of the Urban Wilderness",
        "price": "\u00a344.18",
        "num_reviews": "Four",
        "upc": "f782d83caaa91dbfa31dc7c6444ffe275",
        "availability": "In stock"
    },
    {
        "title": "Unicorn Tracks",
        "price": "\u00a318.78",
        "num_reviews": "Three",
        "upc": "f3628907c279c6a5d25b1fc40e2783a9b",
        "availability": "Out of stock"
    },
    {
        "title": "Unbound: How Eight Technologies Made Us Human, Transformed Society, and Brought Our World to the Brink",
        "price": "\u00a325.52",
        "num_reviews": "One",
        "upc": "f6fd9295d2efbfaaex46250d68966e4d58",
        "availability": "Out of stock"
    },
    {
        "title": "Tsubasa: WoRLD CHRoNiCLE 2 (Tsubasa WoRLD CHRoNiCLE #2)",
        "price": "\u00a316.28",
        "num_reviews": "One",
        "upc": "f6776ffcdc7af4f0x4abd09661cdc95f3",
        "availability": "Out of stock"
    },
    {
        "title": "Throwing Rocks at the Google Bus: How Growth Became the Enemy of Prosperity",
        "price": "\u00a331.12",
        "num_reviews": "Three",
        "upc": "fx3432712b4471dc3f459f4d54eedd674",
        "availability": "Out of stock"
    },
    {
        "title": "This One Summer",
        "price": "\u00a319.49",
        "num_reviews": "Four",
        "upc": "fx25848c266ae6b06325d4f63c8da22d36",
        "availability": "In stock"
    },
    {
        "title": "Thirst",
        "price": "\u00a317.27",
        "num_reviews": "Five",
        "upc": "fx19bee93016004db9bc94afc517777ae",
        "availability": "Out of stock"
    },
    {
        "title": "The Torch Is Passed: A Harding Family Story",
        "price": "\u00a319.09",
        "num_reviews": "One",
        "upc": "fx4fc2e11c69bab6b46914e0181a1dc162",
        "availability": "Out of stock"
    },
    {
        "title": "The Secret of Dreadwillow Carse",
        "price": "\u00a356.13",
        "num_reviews": "One",
        "upc": "f77c9a0bf27875815x1ed19dc7aa857fba",
        "availability": "In stock"
    },
    {
        "title": "The Pioneer Woman Cooks: Dinnertime: Comfort Classics, Freezer Food, 16-Minute Meals, and Other Delicious Ways to Solve Supper!",
        "price": "\u00a356.41",
        "num_reviews": "One",
        "upc": "f357f1b87051fa90b78d17877d81cba11",
        "availability": "In stock"
    },
    {
        "title": "The Past Never Ends",
        "price": "\u00a356.50",
        "num_reviews": "Four",
        "upc": "f3b89389f94fa95d2xe85c93de1e42e60",
        "availability": "In stock"
    },
    {
        "title": "The Natural History of Us (The Fine Art of Pretending #2)",
        "price": "\u00a345.22",
        "num_reviews": "Three",
        "upc": "f3bb7ea60422fc80x6b81e15eabddafde",
        "availability": "Out of stock"
    },
    {
        "title": "The Nameless City (The Nameless City #1)",
        "price": "\u00a338.16",
        "num_reviews": "Four",
        "upc": "fx1f440e01e14c70e875c6a77723751096",
        "availability": "Out of stock"
    },
    {
        "title": "The Murder That Never Was (Forensic Instincts #5)",
        "price": "\u00a354.11",
        "num_reviews": "Three",
        "upc": "f7952271003ce78d6x27eac231d92bb193",
        "availability": "In stock"
    },
    {
        "title": "The Most Perfect Thing: Inside (and Outside) a Bird's Egg",
        "price": "\u00a342.96",
        "num_reviews": "Four",
        "upc": "fx61cdfef288dd47f5x2e9fd901c2b6eaa4",
        "availability": "In stock"
    },
    {
        "title": "The Mindfulness and Acceptance Workbook for Anxiety: A Guide to Breaking Free from Anxiety, Phobias, and Worry Using Acceptance and Commitment Therapy",
        "price": "\u00a323.89",
        "num_reviews": "Four",
        "upc": "f4ceae5014e7f697d24df4a03f3f87b1d",
        "availability": "In stock"
    },
    {
        "title": "The Life-Changing Magic of Tidying Up: The Japanese Art of Decluttering and Organizing",
        "price": "\u00a316.77",
        "num_reviews": "Three",
        "upc": "f46b72dad88b4aae721316d3f0435c19d",
        "availability": "Out of stock"
    },
    {
        "title": "The Inefficiency Assassin: Time Management Tactics for Working Smarter, Not Longer",
        "price": "\u00a320.59",
        "num_reviews": "Five",
        "upc": "fx1a77b5df8190535c66faa878b709bba2",
        "availability": "Out of stock"
    },
    {
        "title": "The Gutsy Girl: Escapades for Your Life of Epic Adventure",
        "price": "\u00a337.13",
        "num_reviews": "One",
        "upc": "f5fa9971696e8a31bx3bebf5d4808c08e",
        "availability": "Out of stock"
    },
    {
        "title": "The Electric Pencil: Drawings from Inside State Hospital No. 3",
        "price": "\u00a356.06",
        "num_reviews": "One",
        "upc": "f460924e0b0ac340b75d4f669c057ad6d",
        "availability": "Out of stock"
    },
    {
        "title": "The Death of Humanity: and the Case for Life",
        "price": "\u00a358.11",
        "num_reviews": "Four",
        "upc": "fx8087807a8dfc9f0x5400e7644c332472",
        "availability": "Out of stock"
    },
    {
        "title": "The Bulletproof Diet: Lose up to a Pound a Day, Reclaim Energy and Focus, Upgrade Your Life",
        "price": "\u00a349.05",
        "num_reviews": "Three",
        "upc": "f2d672e6d4bd9ca71728de077cfe9d43c",
        "availability": "In stock"
    },
    {
        "title": "The Art Forger",
        "price": "\u00a340.76",
        "num_reviews": "Three",
        "upc": "fx1381d0cdd15ba6a52bc15ac17ff40615",
        "availability": "Out of stock"
    },
    {
        "title": "The Age of Genius: The Seventeenth Century and the Birth of the Modern Mind",
        "price": "\u00a319.73",
        "num_reviews": "One",
        "upc": "fx5bba60bfc2e58c38x48f96f7132f2ee34",
        "availability": "In stock"
    },
    {
        "title": "The Activist's Tao Te Ching: Ancient Advice for a Modern Revolution",
        "price": "\u00a332.24",
        "num_reviews": "Five",
        "upc": "fx22fd997f8a763668265c148c780ba334",
        "availability": "Out of stock"
    },
    {
        "title": "Spark Joy: An Illustrated Master Class on the Art of Organizing and Tidying Up",
        "price": "\u00a341.83",
        "num_reviews": "Four",
        "upc": "fx3b2f4a9922d3371fx42f9cf8b32734cce",
        "availability": "In stock"
    },
    {
        "title": "Soul Reader",
        "price": "\u00a339.58",
        "num_reviews": "Two",
        "upc": "f3c559447d742469cx5467a549c603df7d",
        "availability": "In stock"
    },
    {
        "title": "Security",
        "price": "\u00a339.25",
        "num_reviews": "Two",
        "upc": "f59dc96354487bce8x7e3bfad577552338",
        "availability": "Out of stock"
    },
    {
        "title": "Saga, Volume 6 (Saga (Collected Editions) #6)",
        "price": "\u00a325.02",
        "num_reviews": "Three",
        "upc": "fx2c6baabb69d5da784a4eefcabfff8b97",
        "availability": "Out of stock"
    },
    {
        "title": "Saga, Volume 5 (Saga (Collected Editions) #5)",
        "price": "\u00a351.04",
        "num_reviews": "Two",
        "upc": "fx277f38df87a59dc6x522acd7c99ee4618",
        "availability": "Out of stock"
    },
    {
        "title": "Reskilling America: Learning to Labor in the Twenty-First Century",
        "price": "\u00a319.83",
        "num_reviews": "Two",
        "upc": "f3b1f88a2ff54f0f1x569c8f89f017e051",
        "availability": "In stock"
    },
    {
        "title": "Rat Queens, Vol. 3: Demons (Rat Queens (Collected Editions) #11-15)",
        "price": "\u00a350.40",
        "num_reviews": "Three",
        "upc": "fx509b306c09e493b9x62bc8cececb93285",
        "availability": "Out of stock"
    },
    {
        "title": "Princess Jellyfish 2-in-1 Omnibus, Vol. 01 (Princess Jellyfish 2-in-1 Omnibus #1)",
        "price": "\u00a313.61",
        "num_reviews": "Five",
        "upc": "fx2154ae28095b1f82x540976d731c15806",
        "availability": "Out of stock"
    },
    {
        "title": "Princess Between Worlds (Wide-Awake Princess #5)",
        "price": "\u00a313.34",
        "num_reviews": "Five",
        "upc": "fx7835fffbabd40c62x682e4a403b9e4d0e",
        "availability": "Out of stock"
    },
    {
        "title": "Pop Gun War, Volume 1: Gift",
        "price": "\u00a318.97",
        "num_reviews": "One",
        "upc": "f120e8225e02ddc80fd2fe4abcab4e56",
        "availability": "Out of stock"
    },
    {
        "title": "Political Suicide: Missteps, Peccadilloes, Bad Calls, Backroom Hijinx, Sordid Pasts, Rotten Breaks, and Just Plain Dumb Mistakes in the Annals of American Politics",
        "price": "\u00a336.28",
        "num_reviews": "Two",
        "upc": "fx77e950cb0baca666x1775f25eeefe7f75",
        "availability": "Out of stock"
    },
    {
        "title": "Patience",
        "price": "\u00a310.16",
        "num_reviews": "Three",
        "upc": "fx1146f35519f21759x4a536efb9cdaa469",
        "availability": "Out of stock"
    },
    {
        "title": "Outcast, Vol. 1: A Darkness Surrounds Him (Outcast #1)",
        "price": "\u00a315.44",
        "num_reviews": "Four",
        "upc": "fx3c8b418ed9a6afaax18c36b48a1ec3247",
        "availability": "In stock"
    },
    {
        "title": "orange: The Complete Collection 1 (orange: The Complete Collection #1)",
        "price": "\u00a348.41",
        "num_reviews": "One",
        "upc": "f799c2d9b90778b137bb253ea0359fb9f",
        "availability": "Out of stock"
    },
    {
        "title": "Online Marketing for Busy Authors: A Step-By-Step Guide",
        "price": "\u00a346.35",
        "num_reviews": "One",
        "upc": "f77116b9edd67f329110c21cd23de2cbf",
        "availability": "In stock"
    },
    {
        "title": "On a Midnight Clear",
        "price": "\u00a314.07",
        "num_reviews": "Three",
        "upc": "f779ce81d9363e6554223edeb5c002fa8",
        "availability": "Out of stock"
    },
    {
        "title": "Obsidian (Lux #1)",
        "price": "\u00a314.86",
        "num_reviews": "Two",
        "upc": "fx7db6f5684802e17bx3e854ea08105ed3c",
        "availability": "Out of stock"
    },
    {
        "title": "My Paris Kitchen: Recipes and Stories",
        "price": "\u00a333.37",
        "num_reviews": "Two",
        "upc": "fx4584508d29a79ac0x7cbedafa3cccbf3",
        "availability": "Out of stock"
    },
    {
        "title": "Masks and Shadows",
        "price": "\u00a356.40",
        "num_reviews": "Two",
        "upc": "fx5bd71ade993efe4ax51a3e5e2a7b5a8f2",
        "availability": "Out of stock"
    },
    {
        "title": "Mama Tried: Traditional Italian Cooking for the Screwed, Crude, Vegan, and Tattooed",
        "price": "\u00a314.02",
        "num_reviews": "Four",
        "upc": "fx7b3f0e90e44df68b5afc3eda118d9bbf",
        "availability": "Out of stock"
    },
    {
        "title": "Lumberjanes, Vol. 2: Friendship to the Max (Lumberjanes #5-8)",
        "price": "\u00a346.91",
        "num_reviews": "Two",
        "upc": "fx7bc766fb9b19ad5exc940a08975a3a1a",
        "availability": "Out of stock"
    },
    {
        "title": "Lumberjanes, Vol. 1: Beware the Kitten Holy (Lumberjanes #1-4)",
        "price": "\u00a345.61",
        "num_reviews": "Three",
        "upc": "f5044d423485f7f207ef259a0ca908661",
        "availability": "Out of stock"
    },
    {
        "title": "Lumberjanes Vol. 3: A Terrible Plan (Lumberjanes #9-12)",
        "price": "\u00a319.92",
        "num_reviews": "Two",
        "upc": "fxcc71414c4542074x29e6b40fd491e944",
        "availability": "In stock"
    },
    {
        "title": "Layered: Baking, Building, and Styling Spectacular Cakes",
        "price": "\u00a340.11",
        "num_reviews": "One",
        "upc": "fx155008e5064c50efx3d7763056bfa595e",
        "availability": "Out of stock"
    },
    {
        "title": "Judo: Seven Steps to Black Belt (an Introductory Guide for Beginners)",
        "price": "\u00a353.90",
        "num_reviews": "Two",
        "upc": "f5d686e819ffba70x3d3e2725159be077",
        "availability": "Out of stock"
    },
    {
        "title": "Join",
        "price": "\u00a335.67",
        "num_reviews": "Five",
        "upc": "fx1d8f13881f0f4357x376ca1a4858d7739",
        "availability": "In stock"
    },
    {
        "title": "In the Country We Love: My Family Divided",
        "price": "\u00a322.00",
        "num_reviews": "Four",
        "upc": "fx3657edb7cfbb84ebx12d4570d74f53fe7",
        "availability": "In stock"
    },
    {
        "title": "Immunity: How Elie Metchnikoff Changed the Course of Modern Medicine",
        "price": "\u00a357.36",
        "num_reviews": "Five",
        "upc": "fx7a7cb49d74f9932dx1e40eb9e20d2448e",
        "availability": "In stock"
    },
    {
        "title": "I Hate Fairyland, Vol. 1: Madly Ever After (I Hate Fairyland (Compilations) #1-5)",
        "price": "\u00a329.17",
        "num_reviews": "Two",
        "upc": "fx5b0150950c3e17c95d435f26a10b9369",
        "availability": "Out of stock"
    },
    {
        "title": "I am a Hero Omnibus Volume 1",
        "price": "\u00a354.63",
        "num_reviews": "Three",
        "upc": "fx3d8388c22ac5a2527ea2c3e48a272c75",
        "availability": "Out of stock"
    },
    {
        "title": "How to Be Miserable: 40 Strategies You Already Use",
        "price": "\u00a346.03",
        "num_reviews": "One",
        "upc": "f1136f8cf279e380dx2951f6f01c2ecd3d",
        "availability": "Out of stock"
    },
    {
        "title": "Her Backup Boyfriend (The Sorensen Family #1)",
        "price": "\u00a333.97",
        "num_reviews": "One",
        "upc": "fx6b2f45898d6cd18b90d4b544af1d527",
        "availability": "Out of stock"
    },
    {
        "title": "Giant Days, Vol. 2 (Giant Days #5-8)",
        "price": "\u00a322.11",
        "num_reviews": "Two",
        "upc": "fx66dd58a5c7246ccf6006f0260c45ff00",
        "availability": "In stock"
    },
    {
        "title": "Forever and Forever: The Courtship of Henry Longfellow and Fanny Appleton",
        "price": "\u00a329.69",
        "num_reviews": "Three",
        "upc": "f9d5788248d69375x25d0c50325a5d514",
        "availability": "In stock"
    },
    {
        "title": "First and First (Five Boroughs #3)",
        "price": "\u00a315.97",
        "num_reviews": "Four",
        "upc": "fx1672526287dd3623x4209d4f84046c97d",
        "availability": "Out of stock"
    },
    {
        "title": "Fifty Shades Darker (Fifty Shades #2)",
        "price": "\u00a321.96",
        "num_reviews": "One",
        "upc": "f7c8d17d2089bc35717c86e943f76e6e",
        "availability": "In stock"
    },
    {
        "title": "Everydata: The Misinformation Hidden in the Little Data You Consume Every Day",
        "price": "\u00a354.35",
        "num_reviews": "Two",
        "upc": "fx4a92df91ce414c022fee0a31384c3b31",
        "availability": "Out of stock"
    },
    {
        "title": "Don't Be a Jerk: And Other Practical Advice from Dogen, Japan's Greatest Zen Master",
        "price": "\u00a337.97",
        "num_reviews": "Two",
        "upc": "fx369de1d5c3212043f0093591dde1bc0",
        "availability": "Out of stock"
    },
    {
        "title": "Danganronpa Volume 1",
        "price": "\u00a351.99",
        "num_reviews": "Four",
        "upc": "fx20f5752dffb5f201x379f35914478840d",
        "availability": "Out of stock"
    },
    {
        "title": "Crown of Midnight (Throne of Glass #2)",
        "price": "\u00a343.29",
        "num_reviews": "Three",
        "upc": "fx739d55ef37ee67b258317b16cdd7cc5f",
        "availability": "In stock"
    },
    {
        "title": "Codename Baboushka, Volume 1: The Conclave of Death",
        "price": "\u00a336.72",
        "num_reviews": "Four",
        "upc": "fx12d88fe95952b0cex11ded740501116fd",
        "availability": "In stock"
    },
    {
        "title": "Camp Midnight",
        "price": "\u00a317.08",
        "num_reviews": "Four",
        "upc": "fx1fe5989d991f7f527b495401509f2abd",
        "availability": "Out of stock"
    },
    {
        "title": "Call the Nurse: True Stories of a Country Nurse on a Scottish Isle",
        "price": "\u00a329.14",
        "num_reviews": "Five",
        "upc": "fx41205cc7d701fa0bx54aa49562ce0dae6",
        "availability": "Out of stock"
    },
    {
        "title": "Burning",
        "price": "\u00a328.81",
        "num_reviews": "Three",
        "upc": "f7145811ac89d039x4b938e80e18c79",
        "availability": "In stock"
    },
    {
        "title": "Bossypants",
        "price": "\u00a349.46",
        "num_reviews": "Two",
        "upc": "f25de1ea93be4179d63c438c52dd7cc39",
        "availability": "In stock"
    },
    {
        "title": "Bitch Planet, Vol. 1: Extraordinary Machine (Bitch Planet (Collected Editions))",
        "price": "\u00a337.92",
        "num_reviews": "Two",
        "upc": "fx6b7da333d7a46c003b768f45ae7d00da",
        "availability": "Out of stock"
    },
    {
        "title": "Avatar: The Last Airbender: Smoke and Shadow, Part 3 (Smoke and Shadow #3)",
        "price": "\u00a328.09",
        "num_reviews": "Two",
        "upc": "f52eb37c9495fee7dx63caca6c26964a58",
        "availability": "Out of stock"
    },
    {
        "title": "Algorithms to Live By: The Computer Science of Human Decisions",
        "price": "\u00a330.81",
        "num_reviews": "One",
        "upc": "f7a1fa8d8d60e82ac6eff367ad839d06",
        "availability": "Out of stock"
    },
    {
        "title": "A World of Flavor: Your Gluten Free Passport",
        "price": "\u00a342.95",
        "num_reviews": "One",
        "upc": "fx3e1ecdcb0faad7887a8ab2d41e61674d",
        "availability": "Out of stock"
    },
    {
        "title": "A Piece of Sky, a Grain of Rice: A Memoir in Four Meditations",
        "price": "\u00a356.76",
        "num_reviews": "Five",
        "upc": "f7219ffcf704ce4bb1330e76f27351c97",
        "availability": "Out of stock"
    },
    {
        "title": "A Murder in Time",
        "price": "\u00a316.64",
        "num_reviews": "One",
        "upc": "fx31abed9259df037f5c338ff0023169c7",
        "availability": "In stock"
    },
    {
        "title": "A Flight of Arrows (The Pathfinders #2)",
        "price": "\u00a355.53",
        "num_reviews": "Five",
        "upc": "fx290d3765d16b32a7x769bed06bd521505",
        "availability": "In stock"
    },
    {
        "title": "A Fierce and Subtle Poison",
        "price": "\u00a328.13",
        "num_reviews": "Four",
        "upc": "fx6c0e75a335d28561x1e1041ae7c8afb1b",
        "availability": "In stock"
    },
    {
        "title": "A Court of Thorns and Roses (A Court of Thorns and Roses #1)",
        "price": "\u00a352.37",
        "num_reviews": "One",
        "upc": "fxa1ace4dcf93b5535baee51e25895c73",
        "availability": "In stock"
    },
    {
        "title": "(Un)Qualified: How God Uses Broken People to Do Big Things",
        "price": "\u00a354.00",
        "num_reviews": "Five",
        "upc": "f4a87871b6fc9f7515d9581f38a32160f",
        "availability": "Out of stock"
    },
    {
        "title": "You Are What You Love: The Spiritual Power of Habit",
        "price": "\u00a321.87",
        "num_reviews": "Four",
        "upc": "fx33001393b31b980077c15e00bb177cf",
        "availability": "Out of stock"
    },
    {
        "title": "William Shakespeare's Star Wars: Verily, A New Hope (William Shakespeare's Star Wars #4)",
        "price": "\u00a343.30",
        "num_reviews": "Four",
        "upc": "fx2dcce51ec72a4afax46e10110395620a1",
        "availability": "Out of stock"
    },
    {
        "title": "Tuesday Nights in 1980",
        "price": "\u00a321.04",
        "num_reviews": "Two",
        "upc": "f38af7060a7ddb06df266815a11e69c",
        "availability": "Out of stock"
    },
    {
        "title": "Tracing Numbers on a Train",
        "price": "\u00a341.60",
        "num_reviews": "Three",
        "upc": "fx6393907bc9486112x502aea763c1a68c9",
        "availability": "In stock"
    },
    {
        "title": "Throne of Glass (Throne of Glass #1)",
        "price": "\u00a335.07",
        "num_reviews": "Three",
        "upc": "fx36032497a4907d114d6ed3d5f12ec43",
        "availability": "Out of stock"
    },
    {
        "title": "Thomas Jefferson and the Tripoli Pirates: The Forgotten War That Changed American History",
        "price": "\u00a359.64",
        "num_reviews": "One",
        "upc": "fx12eee1cb842e13b0x1f6cdd0599f06aac",
        "availability": "In stock"
    },
    {
        "title": "Thirteen Reasons Why",
        "price": "\u00a352.72",
        "num_reviews": "One",
        "upc": "fx20c0c80bfcd12421x662715bba7d05d5a",
        "availability": "Out of stock"
    },
    {
        "title": "The White Cat and the Monk: A Retelling of the Poem \u201cPangur B\u00e1n\u201d",
        "price": "\u00a358.08",
        "num_reviews": "Four",
        "upc": "fx38041afcbfd39aa732794ae3b4939aaf",
        "availability": "Out of stock"
    },
    {
        "title": "The Wedding Dress",
        "price": "\u00a324.12",
        "num_reviews": "One",
        "upc": "fx10a8b6d0eb31f6dcx101a28030b8b0a2f",
        "availability": "Out of stock"
    },
    {
        "title": "The Vacationers",
        "price": "\u00a342.15",
        "num_reviews": "Four",
        "upc": "f52b2e5ecad8f306e373f18dbde5e9771",
        "availability": "In stock"
    },
    {
        "title": "The Third Wave: An Entrepreneur\u2019s Vision of the Future",
        "price": "\u00a312.61",
        "num_reviews": "Five",
        "upc": "f109321fb1499ec7x306113aebf88d7bf",
        "availability": "In stock"
    },
    {
        "title": "The Stranger",
        "price": "\u00a317.44",
        "num_reviews": "Four",
        "upc": "fx18c75b028c23710x6cc2d324bcc1bea5",
        "availability": "In stock"
    },
    {
        "title": "The Shadow Hero (The Shadow Hero)",
        "price": "\u00a333.14",
        "num_reviews": "One",
        "upc": "f4d655605742065e43c833e9d12276619",
        "availability": "In stock"
    },
    {
        "title": "The Secret (The Secret #1)",
        "price": "\u00a327.37",
        "num_reviews": "Four",
        "upc": "f2a9cbcab05bad766x12f0f9b797bc009e",
        "availability": "In stock"
    },
    {
        "title": "The Regional Office Is Under Attack!",
        "price": "\u00a351.36",
        "num_reviews": "Five",
        "upc": "fx2e587b5fbdad79e1555fab15bdf9cac7",
        "availability": "Out of stock"
    },
    {
        "title": "The Psychopath Test: A Journey Through the Madness Industry",
        "price": "\u00a336.00",
        "num_reviews": "Two",
        "upc": "f434eb59ae7f8fc3920eabed97a7f097d",
        "availability": "In stock"
    },
    {
        "title": "The Project",
        "price": "\u00a310.65",
        "num_reviews": "One",
        "upc": "f51548f482f76f974eb41a7df7821bc4",
        "availability": "Out of stock"
    },
    {
        "title": "The Power of Now: A Guide to Spiritual Enlightenment",
        "price": "\u00a343.54",
        "num_reviews": "Two",
        "upc": "f65cac226adb98edf2cace347d1cfadbd",
        "availability": "In stock"
    },
    {
        "title": "The Omnivore's Dilemma: A Natural History of Four Meals",
        "price": "\u00a338.21",
        "num_reviews": "Two",
        "upc": "fx622d007f7f2344902fe4073b365ae868",
        "availability": "Out of stock"
    },
    {
        "title": "The Nerdy Nummies Cookbook: Sweet Treats for the Geek in All of Us",
        "price": "\u00a337.34",
        "num_reviews": "Five",
        "upc": "fb3ce56e86f7f2e76822bc87286fc325",
        "availability": "Out of stock"
    },
    {
        "title": "The Murder of Roger Ackroyd (Hercule Poirot #4)",
        "price": "\u00a344.10",
        "num_reviews": "Four",
        "upc": "fx820f2f58a0560073ac46a96d24d6179",
        "availability": "In stock"
    },
    {
        "title": "The Mistake (Off-Campus #2)",
        "price": "\u00a343.29",
        "num_reviews": "Three",
        "upc": "fx6a598c2307a12d1758317b16cdd7cc5f",
        "availability": "In stock"
    },
    {
        "title": "The Matchmaker's Playbook (Wingmen Inc. #1)",
        "price": "\u00a355.85",
        "num_reviews": "One",
        "upc": "f15e5c5632886259b1be68a27876ef476",
        "availability": "In stock"
    },
    {
        "title": "The Love and Lemons Cookbook: An Apple-to-Zucchini Celebration of Impromptu Cooking",
        "price": "\u00a337.60",
        "num_reviews": "Two",
        "upc": "f21ddc6ee1a9dd240x1c04c0b850b61e70",
        "availability": "In stock"
    },
    {
        "title": "The Long Shadow of Small Ghosts: Murder and Memory in an American City",
        "price": "\u00a310.97",
        "num_reviews": "One",
        "upc": "fx331675eea2a33520x6ec0482bf9314917",
        "availability": "Out of stock"
    },
    {
        "title": "The Kite Runner",
        "price": "\u00a341.82",
        "num_reviews": "Four",
        "upc": "f2a8db3a75477a3f2x22dacea582c378e8",
        "availability": "Out of stock"
    },
    {
        "title": "The House by the Lake",
        "price": "\u00a336.95",
        "num_reviews": "One",
        "upc": "fx55ca507a369ed8073ed588995658a5",
        "availability": "In stock"
    },
    {
        "title": "The Glittering Court (The Glittering Court #1)",
        "price": "\u00a344.28",
        "num_reviews": "One",
        "upc": "f507c41fec5177687x31274714c325d22f",
        "availability": "Out of stock"
    },
    {
        "title": "The Girl on the Train",
        "price": "\u00a355.02",
        "num_reviews": "Two",
        "upc": "f7669463a7a67b2e16892855217d001f6",
        "availability": "Out of stock"
    },
    {
        "title": "The Genius of Birds",
        "price": "\u00a317.24",
        "num_reviews": "One",
        "upc": "fxb51b2b5a1029747725258dd4c2aa27a",
        "availability": "In stock"
    },
    {
        "title": "The Emerald Mystery",
        "price": "\u00a323.15",
        "num_reviews": "Two",
        "upc": "f30aafc630937d2b5x6c343d041b65a3f1",
        "availability": "In stock"
    },
    {
        "title": "The Cookies & Cups Cookbook: 125+ sweet & savory recipes reminding you to Always Eat Dessert First",
        "price": "\u00a341.25",
        "num_reviews": "One",
        "upc": "f2a10e2236ff1b7e06f1d1176638e7c90",
        "availability": "Out of stock"
    },
    {
        "title": "The Bridge to Consciousness: I'm Writing the Bridge Between Science and Our Old and New Beliefs.",
        "price": "\u00a332.00",
        "num_reviews": "Three",
        "upc": "f32b100b5534221d0x673ed31caca78b6a",
        "availability": "Out of stock"
    },
    {
        "title": "The Artist's Way: A Spiritual Path to Higher Creativity",
        "price": "\u00a338.49",
        "num_reviews": "Five",
        "upc": "fxc3d08946ce182141e701fe78c74c00f",
        "availability": "Out of stock"
    },
    {
        "title": "The Art of War",
        "price": "\u00a333.34",
        "num_reviews": "Five",
        "upc": "fx7a2a707ebd8e112a667543a817a0855f",
        "availability": "In stock"
    },
    {
        "title": "The Argonauts",
        "price": "\u00a310.93",
        "num_reviews": "Two",
        "upc": "f3c5dac4c18eb849fx3d9d8784887d7c76",
        "availability": "In stock"
    },
    {
        "title": "The 10% Entrepreneur: Live Your Startup Dream Without Quitting Your Day Job",
        "price": "\u00a327.55",
        "num_reviews": "Three",
        "upc": "fx7fc48b003a1d6af8xd535b1142b9fbf5",
        "availability": "Out of stock"
    },
    {
        "title": "Suddenly in Love (Lake Haven #1)",
        "price": "\u00a355.99",
        "num_reviews": "Two",
        "upc": "fx482349383377413b5cf36e87affd3d45",
        "availability": "In stock"
    },
    {
        "title": "Something More Than This",
        "price": "\u00a316.24",
        "num_reviews": "Four",
        "upc": "fx3c52e230586ccb11x55e61a3bfa2fe701",
        "availability": "Out of stock"
    },
    {
        "title": "Soft Apocalypse",
        "price": "\u00a326.12",
        "num_reviews": "Two",
        "upc": "fcd6556a8224b1b13344f902529c4965",
        "availability": "In stock"
    },
    {
        "title": "So You've Been Publicly Shamed",
        "price": "\u00a312.23",
        "num_reviews": "Two",
        "upc": "f4acc737e7d2b0f85x34627dad43a983c1",
        "availability": "In stock"
    },
    {
        "title": "Shoe Dog: A Memoir by the Creator of NIKE",
        "price": "\u00a323.99",
        "num_reviews": "Two",
        "upc": "f33134ca43c8fae58x6cb9db7b602b19ec",
        "availability": "In stock"
    },
    {
        "title": "Shobu Samurai, Project Aryoku (#3)",
        "price": "\u00a329.06",
        "num_reviews": "Three",
        "upc": "f64e15b055f815cf8x1ecae2298209d2a4",
        "availability": "In stock"
    },
    {
        "title": "Secrets and Lace (Fatal Hearts #1)",
        "price": "\u00a320.27",
        "num_reviews": "One",
        "upc": "fx38bb8e6917047ceb5dda4c7ec0e6a686",
        "availability": "Out of stock"
    },
    {
        "title": "Scarlett Epstein Hates It Here",
        "price": "\u00a343.55",
        "num_reviews": "Five",
        "upc": "fx2a1feca2f0c7719f4c9ac0af733da80a",
        "availability": "In stock"
    },
    {
        "title": "Romero and Juliet: A Tragic Tale of Love and Zombies",
        "price": "\u00a336.94",
        "num_reviews": "One",
        "upc": "fx41857833fea969de2775c82ec0d9a269",
        "availability": "In stock"
    },
    {
        "title": "Redeeming Love",
        "price": "\u00a320.47",
        "num_reviews": "Five",
        "upc": "fx9b03740383e6b0cx45c2f0621b1b8ea7",
        "availability": "Out of stock"
    },
    {
        "title": "Poses for Artists Volume 1 - Dynamic and Sitting Poses: An Essential Reference for Figure Drawing and the Human Form",
        "price": "\u00a341.06",
        "num_reviews": "One",
        "upc": "fx15107251798586ba164d6dc22f96bd44",
        "availability": "Out of stock"
    },
    {
        "title": "Poems That Make Grown Women Cry",
        "price": "\u00a314.19",
        "num_reviews": "Four",
        "upc": "f145f81368be60144x3934173949abcf28",
        "availability": "In stock"
    },
    {
        "title": "Nightingale, Sing",
        "price": "\u00a338.28",
        "num_reviews": "One",
        "upc": "fx6284aa9df0d5d6ab416cb9c501ea8b74",
        "availability": "Out of stock"
    },
    {
        "title": "Night Sky with Exit Wounds",
        "price": "\u00a341.05",
        "num_reviews": "One",
        "upc": "f232905e3dbe7074bx18348e4d8cc7ea87",
        "availability": "In stock"
    },
    {
        "title": "Mrs. Houdini",
        "price": "\u00a330.25",
        "num_reviews": "Five",
        "upc": "f21947f54d2274c85235909901ba17767",
        "availability": "In stock"
    },
    {
        "title": "Modern Romance",
        "price": "\u00a328.26",
        "num_reviews": "Five",
        "upc": "f12723445500b91032a3036905e782df",
        "availability": "Out of stock"
    },
    {
        "title": "Miss Peregrine\u2019s Home for Peculiar Children (Miss Peregrine\u2019s Peculiar Children #1)",
        "price": "\u00a310.76",
        "num_reviews": "One",
        "upc": "f54292e9a3c3b22dx13ae681925575700",
        "availability": "In stock"
    },
    {
        "title": "Louisa: The Extraordinary Life of Mrs. Adams",
        "price": "\u00a316.85",
        "num_reviews": "Two",
        "upc": "f10c4b2c3c2779830x2c222fd2b641a5f9",
        "availability": "In stock"
    },
    {
        "title": "Little Red",
        "price": "\u00a313.47",
        "num_reviews": "Three",
        "upc": "f4f8da9f088374703f0de4c23f13dff9",
        "availability": "Out of stock"
    },
    {
        "title": "Library of Souls (Miss Peregrine\u2019s Peculiar Children #3)",
        "price": "\u00a348.56",
        "num_reviews": "Five",
        "upc": "f6ab40418f666f43dx7a9d13ae3d209fd1",
        "availability": "In stock"
    },
    {
        "title": "Large Print Heart of the Pride",
        "price": "\u00a319.15",
        "num_reviews": "Two",
        "upc": "f5eb0744308ed93b1x428a7d49c21a71dd",
        "availability": "Out of stock"
    },
    {
        "title": "I Had a Nice Time And Other Lies...: How to find love & sh*t like that",
        "price": "\u00a357.36",
        "num_reviews": "Four",
        "upc": "f47646cef4717686ex1e40eb9e20d2448e",
        "availability": "In stock"
    },
    {
        "title": "Hollow City (Miss Peregrine\u2019s Peculiar Children #2)",
        "price": "\u00a342.98",
        "num_reviews": "One",
        "upc": "f70329ef8c6f63b2cx517267641130d90d",
        "availability": "In stock"
    },
    {
        "title": "Grumbles",
        "price": "\u00a322.16",
        "num_reviews": "Two",
        "upc": "f2b1f44d23d4b5b45e3c42867697729d",
        "availability": "In stock"
    },
    {
        "title": "Full Moon over Noah\u2019s Ark: An Odyssey to Mount Ararat and Beyond",
        "price": "\u00a349.43",
        "num_reviews": "Four",
        "upc": "f2b994303ca3f7d97x6180a5de7879c035",
        "availability": "Out of stock"
    },
    {
        "title": "Frostbite (Vampire Academy #2)",
        "price": "\u00a329.99",
        "num_reviews": "Five",
        "upc": "fx5e55c1177f732a3fx195cd843ac1def96",
        "availability": "Out of stock"
    },
    {
        "title": "Follow You Home",
        "price": "\u00a321.36",
        "num_reviews": "One",
        "upc": "fx57d5c3d389ca64aex4ad474e2ee004acc",
        "availability": "Out of stock"
    },
    {
        "title": "First Steps for New Christians (Print Edition)",
        "price": "\u00a329.00",
        "num_reviews": "One",
        "upc": "fx646139d969f079f5x262f2f114a73cc78",
        "availability": "Out of stock"
    },
    {
        "title": "Finders Keepers (Bill Hodges Trilogy #2)",
        "price": "\u00a353.53",
        "num_reviews": "Five",
        "upc": "f34c690e8d08f42d34c4e42bf66126e1f",
        "availability": "In stock"
    },
    {
        "title": "Fables, Vol. 1: Legends in Exile (Fables #1)",
        "price": "\u00a341.62",
        "num_reviews": "Four",
        "upc": "fxdea8ffc080e247x7145617c80c646fe",
        "availability": "In stock"
    },
    {
        "title": "Eureka Trivia 6.0",
        "price": "\u00a354.59",
        "num_reviews": "Four",
        "upc": "fxb299963e2b217bax7cce8a673827bc97",
        "availability": "Out of stock"
    },
    {
        "title": "Drive: The Surprising Truth About What Motivates Us",
        "price": "\u00a334.95",
        "num_reviews": "Four",
        "upc": "f13df95718a1a6831x29197d7f7f60d7d1",
        "availability": "In stock"
    },
    {
        "title": "Done Rubbed Out (Reightman & Bailey #1)",
        "price": "\u00a337.72",
        "num_reviews": "Five",
        "upc": "fx1b6247ddbf8ee5ffx19445c4546c8308b",
        "availability": "In stock"
    },
    {
        "title": "Doing It Over (Most Likely To #1)",
        "price": "\u00a335.61",
        "num_reviews": "Three",
        "upc": "fx3c48d36614e75ee8x7bacde002bedcdb1",
        "availability": "Out of stock"
    },
    {
        "title": "Deliciously Ella Every Day: Quick and Easy Recipes for Gluten-Free Snacks, Packed Lunches, and Simple Meals",
        "price": "\u00a342.16",
        "num_reviews": "Three",
        "upc": "f3f8baa889d12a70a6ef8951809e94745",
        "availability": "Out of stock"
    }
]